id	ko	ja	pos	pos_tag	lemma
1	가게	店	Noun	NNG	가게
2	가격	価格	Noun	NNG	가격
3	가구	家具	Noun	NNG	가구
4	가깝다	近い	VA-I	VA-I	가깝다
5	가끔	時々	Adverb	MAG	가끔
6	가다	行く	Verb	VV	가다
7	가르치다	教える	Verb	VV	가르치다
8	가방	鞄	Noun	NNG	가방
9	가볍다	軽い	VA-I	VA-I	가볍다
10	가수	歌手	Noun	NNG	가수
11	가슴	胸	Noun	NNG	가슴
12	가요	歌謡	Verb	VV	가다
13	가운데	間、中間	Noun	NNG	가운데
14	가위	はさみ	Noun	NNG	가위
15	가을	秋	Noun	NNG	가을
16	가장	最も、一番	Adverb	MAG	가장
17	가져가다	持って行く	Verb	VV	가져가다
18	가져오다	持って来る	Verb	VV	가져오다
19	가족	家族	Noun	NNG	가족
20	가지	種類	Verb	VV	가다
21	가지다	持つ	Verb	VV	가지다
22	각	各、おのおの	Determiner	MM	각
23	간	間	Noun	NNG	간
24	간단하다	簡単だ	XR	XR	간단
25	간단히	簡単に	Adverb	MAG	간단히
26	간식	間食、おやつ	Noun	NNG	간식
27	간장	醤油	Noun	NNG	간장
28	간호사	看護士	Noun	NNG	간호사
29	갈비	カルビ	Noun	NNG	갈비
30	갈비탕	カルビタン	Noun	NNG	갈비탕
31	갈색	褐色、茶色	Noun	NNG	갈색
32	갈아타다	乗り換える	Verb	VV	갈아타다
33	감	柿	Verb	VV	가다
34	감기	風邪	Noun	NNG	감기
35	감기약	風邪薬	Noun	NNG	감기약
36	감다	（目を）閉じる	Verb	VV	감다
37	감동	感動	Noun	NNG	감동
38	감동하다	感動する	Noun	NNG	감동
39	감사	感謝	Noun	NNG	감사
40	감사드립니다	ありがとうございます	Noun	NNG	감사
41	감사하다	感謝する	Noun	NNG	감사
42	감사합니다	ありがとうございます	Noun	NNG	감사
43	감자	じゃがいも	Noun	NNG	감자
44	감자탕	カムジャタン	Noun	NNG	감자탕
45	갑자기	急に	Adverb	MAG	갑자기
46	값	値段、価値	Noun	NNG	값
47	강	川	Noun	NNP	강
48	강아지	子犬	Noun	NNG	강아지
49	강좌	講座	Noun	NNG	강좌
50	갖다	持つ	Verb	VV	갖다
51	같다	同じだ	Adjective	VA	같다
52	같이	一緒に	Adverb	MAG	같이
53	개	～個、犬	Noun	NNG	개
54	개나리	レンギョウ	Noun	NNG	개나리
55	개인	個人	Noun	NNG	개인
56	거기	そこ	Pronoun	NP	거기
57	거리	通り、街	Noun	NNG	거리
58	거실	居室、居間	Noun	NNG	거실
59	거울	鏡	Noun	NNG	거울
60	거의	ほとんど	Adverb	MAG	거의
61	거짓말	嘘	Noun	NNG	거짓말
62	걱정	心配	Noun	NNG	걱정
63	걱정하다	心配する	Noun	NNG	걱정
64	건강	健康	Noun	NNG	건강
65	건강하다	健康だ	Noun	NNG	건강
66	건너가다	渡って行く、渡る、横切る	Verb	VV	건너가다
67	건너다	渡る	Verb	VV	건너다
68	건너편	向こう側、向かい	Noun	NNG	건너편
69	건물	建物	Noun	NNG	건물
70	건배	乾杯	Noun	NNG	건배
71	걷다	歩く	VV-I	VV-I	걷다
72	걸다	かける	Verb	VV	걸다
73	걸리다	かかる	Verb	VV	걸리다
74	걸어가다	歩いて行く	Verb	VV	걸어가다
75	걸어오다	歩いて来る	Verb	VV	걸어오다
76	검은색	黒、黒色	Noun	NNG	검은색
77	것	もの、こと	Noun	NNB	것
78	게임	ゲーム、遊び	Noun	NNG	게임
79	겨울	冬	Noun	NNG	겨울
80	겨울방학	冬休み	Noun	NNG	겨울
81	결과	結果	Noun	NNG	결과
82	결정	決定	Noun	NNG	결정
83	결정하다	決定する	Noun	NNG	결정
84	결혼	結婚	Noun	NNG	결혼
85	결혼식	結婚式	Noun	NNG	결혼식
86	결혼하다	結婚する	Noun	NNG	결혼
87	경기	競技、試合	Noun	NNP	경기
88	경기장	競技場	Noun	NNG	경기장
89	경복궁	景福宮	Noun	NNP	경복궁
90	경주	慶州	Noun	NNP	경주
91	경찰	警察	Noun	NNG	경찰
92	경찰관	警察官	Noun	NNG	경찰관
93	경찰서	警察署	Noun	NNG	경찰서
94	경치	景色、風景	Noun	NNG	경치
95	경험	経験	Noun	NNG	경험
96	계단	階段	Noun	NNG	계단
97	계란	鶏卵、たまご	Noun	NNG	계란
98	계산하다	計算する	Noun	NNG	계산
99	계속	続けて	Adverb	MAG	계속
100	계시다	いらっしゃる	AuxVerb	VX	계시다
101	계절	季節	Noun	NNG	계절
102	계획	計画	Noun	NNG	계획
103	고기	肉	Noun	NNG	고기
104	고등학교	高等学校	Noun	NNG	고등학교
105	고등학생	高校生	Noun	NNG	고등학생
106	고르다	選ぶ	Verb	VV	고르다
107	고마웠습니다	ありがとうございました	VA-I	VA-I	고맙다
108	고맙다	ありがたい	VA-I	VA-I	고맙다
109	고맙습니다	ありがとうございます	VA-I	VA-I	고맙다
110	고모	（父方の）おば	Noun	NNG	고모
111	고모부	（父方の）おばの夫、おじ	Noun	NNG	고모부
112	고속버스	高速バス	Noun	NNG	고속버스
113	고양이	猫	Noun	NNG	고양이
114	고장	故障	Noun	NNG	고장
115	고추	唐辛子	Noun	NNG	고추
116	고추장	コチュジャン	Noun	NNG	고추장
117	고치다	なおす	Verb	VV	고치다
118	고프다	（お腹が）すいている、空腹だ	Adjective	VA	고프다
119	고향	故郷、ふるさと	Noun	NNG	고향
120	곧	すぐ	Adverb	MAG	곧
121	골목	路地、裏通り	Noun	NNG	골목
122	골프	ゴルフ	Noun	NNG	골프
123	곱다	美しい	VA-I	VA-I	곱다
124	곳	ところ	Noun	NNG	곳
125	공	ボール、玉	Numeral	NR	공
126	공간	空間	Noun	NNG	공간
127	공기	空気	Noun	NNG	공기
128	공무원	公務員	Noun	NNG	공무원
129	공부	勉強	Noun	NNG	공부
130	공부하다	勉強する	Noun	NNG	공부
131	공연	公演	Noun	NNG	공연
132	공원	公園	Noun	NNG	공원
133	공중전화	公衆電話	Noun	NNG	공중전화
134	공짜	ただ、無料	Noun	NNG	공짜
135	공책	ノート	Noun	NNG	공책
136	공항	空港	Noun	NNG	공항
137	공휴일	祝日	Noun	NNG	공휴일
138	과	課	Noun	NNG	과
139	과거	過去	Noun	NNG	과거
140	과일	果物	Noun	NNG	과일
141	과자	菓子	Noun	NNG	과자
142	과학	科学	Noun	NNG	과학
143	관계	関係	Noun	NNG	관계
144	관광하다	観光する	Noun	NNG	관광
145	관심	関心、興味	Noun	NNG	관심
146	광고	広告	Noun	NNG	광고
147	괜찮다	大丈夫だ、構わない	Adjective	VA	괜찮다
148	괜찮습니다	大丈夫です、結構です	Adjective	VA	괜찮다
149	교과서	教科書	Noun	NNG	교과서
150	교수	教授	Noun	NNG	교수
151	교실	教室	Noun	NNG	교실
152	교체	交代	Noun	NNG	교체
153	교통	交通	Noun	NNG	교통
154	교통사고	交通事故	Noun	NNG	교통사고
155	교회	教会	Noun	NNG	교회
156	구	9	Noun	NNG	구
157	구경하다	見物する	Noun	NNG	구경
158	구두	靴	Noun	NNG	구두
159	구름	雲	Noun	NNG	구름
160	구십	90	Numeral	NR	구
161	구월	９月	Noun	NNG	구월
162	구하다	求める、手に入れる	Verb	VV	구하다
163	국	スープ、汁	Noun	NNG	국
164	국내	国内	Noun	NNG	국내
165	국립	国立	Noun	NNG	국립
166	국수	麺、麺類	Noun	NNG	국수
167	국어	国語	Noun	NNG	국어
168	국적	国籍	Noun	NNG	국적
169	국제	国際	Noun	NNG	국제
170	군인	軍人	Noun	NNG	군인
171	굽다	焼く	VV-I	VV-I	굽다
172	권	～巻	Noun	NNP	권
173	귀	耳	Noun	NNG	귀
174	귀엽다	かわいい	VA-I	VA-I	귀엽다
175	규칙	規則	Noun	NNG	규칙
176	귤	みかん	Noun	NNG	귤
177	그	その	Interjection	IC	그
178	그거	それ	Pronoun	NP	그거
179	그것	それ	Pronoun	NP	그것
180	그곳	そこ	Pronoun	NP	그곳
181	그날	その日	Noun	NNG	그날
182	그냥	そのまま、ただ	Adverb	MAG	그냥
183	그동안	その間、これまで	Noun	NNG	그동안
184	그들	彼ら	Pronoun	NP	그
185	그때	そのとき、当時	Noun	NNG	그때
186	그래	うん、そう（相づち）	Interjection	IC	그래
187	그래서	それで、そうして	Adverb	MAJ	그래서
188	그램	グラム	Interjection	IC	그래
189	그러나	しかし、けれど	Adverb	MAJ	그러나
190	그러니까	だから、そうだから	Adverb	MAJ	그러니까
191	그러면	そうなら、それでは	Adverb	MAJ	그러면
192	그런	そんな	Verb	VV	그러다
193	그런데	ところで、ところが	Adverb	MAJ	그런데
194	그럼	では	Adverb	MAG	그럼
195	그렇게	そのように	VA-I	VA-I	그렇다
196	그렇구나	なるほど、そうなんだ	VA-I	VA-I	그렇다
197	그렇다	そうだ	VA-I	VA-I	그렇다
198	그렇습니다	そうです	VA-I	VA-I	그렇다
199	그렇지만	そうだけれど、しかし	Adverb	MAJ	그렇지만
200	그릇	器、容器、食器	Noun	NNG	그릇
201	그리고	そして	Adverb	MAJ	그리고
202	그리다	（絵を）描く	Verb	VV	그리다
203	그림	絵	Noun	NNG	그림
204	그만	それくらいで、それで	Adverb	MAG	그만
205	그분	そのかた	Pronoun	NP	그분
206	그저께	おととい	Noun	NNG	그저께
207	그중	その中	Determiner	MM	그
208	그쪽	そちら、そのかた	Pronoun	NP	그쪽
209	그치다	終わる、止む	Interjection	IC	그치
210	극장	劇場、映画館	Noun	NNG	극장
211	근처	近所	Noun	NNG	근처
212	글	文章、文字	Noun	NNG	글
213	글쎄요	そうですね、どうでしょうね	Interjection	IC	글쎄요
214	금방	すぐ、さっき	Adverb	MAG	금방
215	금연	禁煙	Noun	NNG	금연
216	금요일	金曜日	Noun	NNG	금요일
217	금주	禁酒	Noun	NNG	금주
218	급	級	Noun	NNG	급
219	급하다	急だ、緊急だ、急がれる	Adjective	VA	급하다
220	기간	期間	Noun	NNG	기간
221	기다리다	待つ	Verb	VV	기다리다
222	기르다	育てる、養う	Verb	VV	기르다
223	기름	油、ガソリン	Noun	NNG	기름
224	기분	気分	Noun	NNG	기분
225	기뻐하다	嬉しがる	Verb	VV	기뻐하다
226	기쁘다	嬉しい	Adjective	VA	기쁘다
227	기사	運転手、技士、記事	Noun	NNG	기사
228	기숙사	寄宿舎、寮	Noun	NNG	기숙사
229	기억하다	記憶する、憶える	Noun	NNG	기억
230	기온	気温	Noun	NNG	기온
231	기자	記者	Noun	NNG	기자
232	기차	汽車	Noun	NNG	기차
233	기침	咳	Noun	NNG	기침
234	기타	その他	Noun	NNG	기타
235	긴장되다	緊張する	Noun	NNG	긴장
236	길	道	Noun	NNG	길
237	길다	長い	Adjective	VA	길다
238	김	海苔	Noun	NNP	김
239	김밥	のり巻き	Noun	NNG	김밥
240	김치	キムチ	Noun	NNG	김치
241	김치찌개	キムチ鍋	Noun	NNG	김치찌개
242	김포공항	金浦空港	Noun	NNP	김포공항
243	까만색	黒、黒色	Noun	NNG	까만색
244	까맣다	黒い	VA-I	VA-I	까맣다
245	깎다	削る、そぐ	Verb	VV	깎다
246	깜짝	はっと（驚く）	Adverb	MAG	깜짝
247	깨끗하다	清潔だ、きれいだ	XR	XR	깨끗
248	깨다	割る、壊す	Verb	VV	깨다
249	깨지다	割れる、壊れる	Verb	VV	깨지다
250	꺼내다	取り出す	Verb	VV	꺼내다
251	껌	ガム	Noun	NNG	껌
252	꼭	必ず、絶対に	Adverb	MAG	꼭
253	꽃	花	Noun	NNG	꽃
254	꽃집	花屋	Noun	NNG	꽃집
255	꾸다	（夢を）見る、夢見る	Verb	VV	꾸다
256	꿈	夢	Noun	NNG	꿈
257	끄다	消す、止める	Verb	VV	끄다
258	끓이다	沸かす、煮る	Verb	VV	끓이다
259	끝	終わり	Noun	NNG	끝
260	끝나다	終わる	Verb	VV	끝나다
261	끝내다	終える、済ませる	Verb	VV	끝내다
262	끼다	霧が立ち込める、差し込む	Noun	NNB	끼
263	나	僕、わたし、～や	Pronoun	NP	나
264	나가다	出て行く	Verb	VV	나가다
265	나누다	分ける	Verb	VV	나누다
266	나다	出る	Pronoun	NP	나
267	나라	国	Noun	NNG	나라
268	나무	木	Noun	NNG	나무
269	나빠지다	悪くなる	Adjective	VA	나쁘다
270	나쁘다	悪い	Adjective	VA	나쁘다
271	나오다	出て来る、あらわれる	Verb	VV	나오다
272	나이	歳、年齢	Noun	NNG	나이
273	나중	（時間や順序が）後	Noun	NNG	나중
274	나타나다	あらわれる	Verb	VV	나타나다
275	나흘	４日	Noun	NNG	나흘
276	낚시	釣り	Noun	NNG	낚시
277	날	日	Noun	NNG	날
278	날씨	天気	Noun	NNG	날씨
279	날짜	日付	Noun	NNG	날짜
280	남	男	Noun	NNG	남
281	남기다	残す	Verb	VV	남기다
282	남녀	男女	Noun	NNG	남녀
283	남대문시장	南大門市場	Noun	NNP	남대문시장
284	남동생	弟	Noun	NNG	남동생
285	남미	南米	Noun	NNP	남미
286	남북	南北	Noun	NNP	남북
287	남자	男	Noun	NNG	남자
288	남쪽	南	Noun	NNG	남쪽
289	남편	夫	Noun	NNG	남편
290	남학생	男子学生	Noun	NNG	남학생
291	낮	昼、日中	Noun	NNG	낮
292	낮다	低い	Adjective	VA	낮다
293	내	私の、僕の、おれの	Pronoun	NP	나
294	내가	僕が、私が	Pronoun	NP	나
295	내과	内科	Noun	NNG	내과
296	내년	来年	Noun	NNG	내년
297	내다	出す、起こす	Verb	VV	내다
298	내려가다	下がって行く、下がる、降りて行く	Verb	VV	내려가다
299	내려오다	下がって来る、降りて来る	Verb	VV	내려오다
300	내리다	下がる、降りる、降る	Verb	VV	내리다
301	내용	内容	Noun	NNG	내용
302	내일	明日	Noun	NNG	내일
303	냄비	鍋	Noun	NNG	냄비
304	냄새	におい	Noun	NNG	냄새
305	냉면	冷麺	Noun	NNG	냉면
306	냉장고	冷蔵庫	Noun	NNG	냉장고
307	너	きみ、おまえ	Pronoun	NP	너
308	너무	あまりにも、とても	Adverb	MAG	너무
309	넓다	広い	Adjective	VA	넓다
310	넘다	越える、過ぎる	Verb	VV	넘다
311	넘어지다	倒れる	Verb	VV	넘어지다
312	넣다	入れる	Verb	VV	넣다
313	네	はい、４つの～	Interjection	IC	네
314	넥타이	ネクタイ	Noun	NNG	넥타이
315	넷	4	Numeral	NR	넷
316	넷째	第４の～、４番目の	Numeral	NR	넷째
317	년	～年	Noun	NNB	년
318	노란색	黄色	Noun	NNG	노란색
319	노랗다	黄色い	VA-I	VA-I	노랗다
320	노래	歌	Noun	NNG	노래
321	노래방	カラオケ店	Noun	NNG	노래방
322	노래하다	歌う	Noun	NNG	노래
323	노력하다	努力する	Noun	NNG	노력
324	노트	ノート	Noun	NNG	노트
325	녹색	緑色	Noun	NNG	녹색
326	녹차	緑茶	Noun	NNG	녹차
327	놀다	遊ぶ	Verb	VV	놀다
328	놀라다	驚く	Verb	VV	놀라다
329	농구	バスケットボール	Noun	NNG	농구
330	높다	高い	Adjective	VA	높다
331	놓다	置く	Verb	VV	놓다
332	누가	誰が	Pronoun	NP	누구
333	누구	誰	Pronoun	NP	누구
334	누나	姉（弟から見て）	Noun	NNG	누나
335	누르다	押す	VA-I	VA-I	누르다
336	눈	目、雪	Noun	NNG	눈
337	눈물	涙	Noun	NNG	눈물
338	눈사람	雪だるま	Noun	NNG	눈사람
339	눈싸움	雪合戦	Noun	NNG	눈
340	눕다	横になる、寝る	VV-I	VV-I	눕다
341	뉴스	ニュース	Noun	NNG	뉴스
342	뉴욕	ニューヨーク	Noun	NNP	뉴욕
343	느끼다	感じる	Verb	VV	느끼다
344	느낌	感じ、気持ち	Noun	NNG	느낌
345	느리다	（速度が）遅い	Adjective	VA	느리다
346	늘	いつも、ずっと	Adverb	MAG	늘
347	늘다	増える、増す	Verb	VV	늘다
348	능력	能力	Noun	NNG	능력
349	늦다	（時間的に）遅い、遅れる	Adjective	VA	늦다
350	늦잠	寝坊	Noun	NNG	늦잠
351	님	～様	Noun	NNG	님
352	다	全部	Adverb	MAG	다
353	다녀오다	行って来る	Verb	VV	다녀오다
354	다니다	通う	Verb	VV	다니다
355	다르다	違う、異なる	Adjective	VA	다르다
356	다른	別の～、違う～	Determiner	MM	다른
357	다리	脚、足、橋	Noun	NNG	다리
358	다섯	5	Numeral	NR	다섯
359	다시	再び、また	Adverb	MAG	다시
360	다음	次、後	Noun	NNG	다음
361	다음 달	来月、翌月	Noun	NNG	다음
362	다음 주	来週	Noun	NNG	다음
363	다음 해	翌年	Noun	NNG	다음
364	다이어트	ダイエット	Noun	NNG	다이어트
365	다치다	けがする、触れる	Verb	VV	다치다
366	닦다	磨く、拭く	Verb	VV	닦다
367	단어	単語	Noun	NNG	단어
368	단점	短所、欠点	Noun	NNG	단점
369	닫다	閉める	VV-R	VV-R	닫다
370	닫히다	閉まる	Verb	VV	닫히다
371	달	～ヶ月、月	Noun	NNG	달
372	달걀	卵	Noun	NNG	달걀
373	달다	甘い	Adjective	VA	달다
374	달러	ドル	Noun	NNB	달러
375	달력	カレンダー、暦	Noun	NNG	달력
376	달리다	走る	Verb	VV	달리다
377	닭	にわとり	Noun	NNG	닭
378	닭고기	鶏肉	Noun	NNG	닭고기
379	닮다	似る	Verb	VV	닮다
380	담그다	漬ける	Verb	VV	담그다
381	담배	たばこ	Noun	NNG	담배
382	답장	返信、返事	Noun	NNG	답장
383	당근	にんじん	Noun	NNG	당근
384	당신	あなた	Pronoun	NP	당신
385	대	～台	Noun	NNG	대
386	대답	答え	Noun	NNG	대답
387	대답하다	返事する、答える	Noun	NNG	대답
388	대부분	大部分、ほとんど	XPN	XPN	대
389	대사관	大使館	Noun	NNG	대사관
390	대학	大学	Noun	NNG	대학
391	대학교	大学校	Noun	NNG	대학교
392	대학생	大学生	Noun	NNG	대학
393	대학원	大学院	Noun	NNG	대학원
394	대학원생	大学院生	Noun	NNG	대학원
395	대한민국	大韓民国	Noun	NNP	대한민국
396	대화	対話	Noun	NNG	대화
397	대회	大会	Noun	NNG	대회
398	댁	お宅	Pronoun	NP	댁
399	더	もっと、もう	Adverb	MAG	더
400	더럽다	汚い	VA-I	VA-I	더럽다
401	더운물	お湯	VA-I	VA-I	덥다
402	덕분	おかげ	Noun	NNG	덕분
403	덥다	暑い	VA-I	VA-I	덥다
404	덮다	覆う、かぶせる	Verb	VV	덮다
405	데리다	連れる	Noun	NNP	데리다
406	데이트	デート	Noun	NNG	데이트
407	도로	道路	Noun	NNG	도로
408	도서관	図書館	Noun	NNG	도서관
409	도시	都市	Noun	NNG	도시
410	도와주다	助けてあげる、助ける	Verb	VV	도와주다
411	도움	助け	Noun	NNG	도움
412	도착	到着	Noun	NNG	도착
413	도착하다	到着する、着く	Noun	NNG	도착
414	도쿄	東京	Noun	NNP	도쿄
415	독서	読書	Noun	NNG	독서
416	독서실	読書室	Noun	NNG	독서실
417	독서하다	読書する	Noun	NNG	독서
418	독일	ドイツ	Noun	NNP	독일
419	돈	お金	Noun	NNG	돈
420	돌아가다	帰って行く	Verb	VV	돌아가다
421	돌아오다	帰って来る	Verb	VV	돌아오다
422	돕다	助ける、手伝う	VV-I	VV-I	돕다
423	동네	町内、ご近所	Noun	NNG	동네
424	동대문시장	東大門市場	Noun	NNP	동대문시장
425	동물	動物	Noun	NNG	동물
426	동생	弟・妹	Noun	NNG	동생
427	동아리	愛好会、サークル	Noun	NNG	동아리
428	동안	～の間	Noun	NNG	동안
429	동양	東洋	Noun	NNG	동양
430	동전	硬貨、小銭	Noun	NNG	동전
431	동쪽	東、東側	Noun	NNG	동쪽
432	돼지	豚	Noun	NNG	돼지
433	돼지고기	豚肉	Noun	NNG	돼지고기
434	되다	～になる	Verb	VV	되다
435	된장	味噌	Noun	NNG	된장
436	된장국	味噌汁	Noun	NNG	된장국
437	된장찌개	テンジャンチゲ、味噌鍋	Noun	NNG	된장찌개
438	두	２つの～	Determiner	MM	두
439	두껍다	厚い	VA-I	VA-I	두껍다
440	두다	置く	Determiner	MM	두
441	두부	豆腐	Noun	NNG	두부
442	두부찌개	豆腐チゲ	Noun	NNG	두부찌개
443	둘	2	Numeral	NR	둘
444	둘째	第２の～、２番目の～	Numeral	NR	둘째
445	뒤	後ろ、裏	Noun	NNG	뒤
446	뒤쪽	後ろ、後ろの方、後側	Noun	NNG	뒤쪽
447	드라마	ドラマ	Noun	NNG	드라마
448	드리다	差し上げる	Verb	VV	드리다
449	드시다	召し上がる	Verb	VV	드시다
450	듣기	聞くこと、聞き取り	VV-I	VV-I	듣다
451	듣다	聞く	VV-I	VV-I	듣다
452	들	～たち、～ども	Adverb	MAG	들
453	들다	持つ、入る	Verb	VV	들다
454	들어가다	入って行く、入る	Verb	VV	들어가다
455	들어오다	入って来る、入る	Verb	VV	들어오다
456	등	背、など	Noun	NNB	등
457	등산	登山	Noun	NNG	등산
458	등산복	登山服	Noun	NNG	등산복
459	등산화	登山靴	Noun	NNG	등산화
460	디브이디	DVD	Noun	NNG	디브이디
461	디자인	デザイン	Noun	NNG	디자인
462	따뜻하다	暖かい	XR	XR	따뜻
463	따라가다	ついて行く、従う	Verb	VV	따라가다
464	따라오다	ついて来る	Verb	VV	따라오다
465	따로	別に、別途	Adverb	MAG	따로
466	따르다	従う	Verb	VV	따르다
467	딸	娘	Noun	NNG	딸
468	딸기	いちご	Noun	NNG	딸기
469	땀	汗	Noun	NNG	땀
470	때	時	Noun	NNG	때
471	때문	～のため、～だから	Noun	NNB	때문
472	떠나다	発つ、去る	Verb	VV	떠나다
473	떠들다	騒ぐ	Verb	VV	떠들다
474	떡	餅	Noun	NNG	떡
475	떡국	トック、餅入りスープ	Noun	NNG	떡국
476	떡볶이	トッポギ	Noun	NNG	떡볶이
477	떨어지다	落ちる	Verb	VV	떨어지다
478	또	また、再び	Adverb	MAG	또
479	또는	または	Adverb	MAJ	또는
480	똑같다	全く同じだ、そっくりだ	Adjective	VA	똑같다
481	똑바로	まっすぐに、しっかり	Adverb	MAG	똑바로
482	뛰다	駆ける、走る	Verb	VV	뛰다
483	뜨겁다	熱い	VA-I	VA-I	뜨겁다
484	뜨다	(目を)開く	Verb	VV	뜨다
485	뜻	意味、こころざし	Noun	NNG	뜻
486	라디오	ラジオ	Noun	NNG	라디오
487	라면	ラーメン	Noun	NNG	라면
488	러시아	ロシア	Noun	NNP	러시아
489	로션	ローション、化粧水	Noun	NNG	로션
490	마늘	にんにく	Noun	NNG	마늘
491	마르다	乾く	Verb	VV	마르다
492	마리	～匹、～頭	Noun	NNB	마리
493	마시다	飲む	Verb	VV	마시다
494	마음	心、気持ち	Noun	NNG	마음
495	마지막	最後	Noun	NNG	마지막
496	마치다	終わる、終える	Adverb	MAG	마치
497	마흔	40	Numeral	NR	마흔
498	막히다	詰まる、つかえる	Verb	VV	막히다
499	만	万	Numeral	NR	만
500	만나다	会う	Verb	VV	만나다
501	만두	ぎょうざ	Noun	NNG	만두
502	만들다	作る	Verb	VV	만들다
503	만일	万一	Noun	NNG	만일
504	만지다	触る、触れる	Verb	VV	만지다
505	만화	漫画	Noun	NNG	만화
506	많다	多い	Adjective	VA	많다
507	많이	多く、たくさん	Adverb	MAG	많이
508	말	言葉、話	Noun	NNG	말
509	말씀	お言葉	Noun	NNG	말씀
510	말씀하다	お話する、おっしゃる	Noun	NNG	말씀
511	말하기	しゃべること、話、会話	Noun	NNG	말
512	말하다	話す、しゃべる	Noun	NNG	말
513	맑다	清い、澄んでいる	Adjective	VA	맑다
514	맛	味	Noun	NNG	맛
515	맛없다	おいしくない、不味い	Adjective	VA	맛없다
516	맛있다	おいしい	Adjective	VA	맛있다
517	맞다	合う、合っている、正しい	Verb	VV	맞다
518	맞습니다	そうです	Verb	VV	맞다
519	맞아요	その通りです	Verb	VV	맞다
520	맞은편	向こう側、向かい	Noun	NNG	맞은편
521	매다	結ぶ、締める	Noun	NNG	매
522	매우	とても、非常に	Adverb	MAG	매우
523	매일	毎日	Adverb	MAG	매일
524	매주	毎週	Adverb	MAG	매주
525	맥주	ビール	Noun	NNG	맥주
526	맵다	辛い	VA-I	VA-I	맵다
527	머리	頭、髪	Noun	NNG	머리
528	먹다	食べる	Verb	VV	먹다
529	먼저	まず、先に	Adverb	MAG	먼저
530	멀다	遠い	Adjective	VA	멀다
531	멋있다	素敵だ、格好いい	Adjective	VA	멋있다
532	메뉴	メニュー	Noun	NNG	메뉴
533	메다	担ぐ、背負う	Verb	VV	메다
534	메모	メモ	Noun	NNG	메모
535	메시지	メッセージ	Noun	NNG	메시지
536	멕시코	メキシコ	Noun	NNP	멕시코
537	며칠	何日	Noun	NNG	며칠
538	면도	かみそり、ひげそり	Noun	NNG	면도
539	명	～名	Noun	NNB	명
540	명절	年中行事	Noun	NNG	명절
541	몇	いくつの～	Numeral	NR	몇
542	모두	すべて、みな	Adverb	MAG	모두
543	모레	あさって	Noun	NNG	모레
544	모르겠습니다	知りません、わかりません	Verb	VV	모르다
545	모르다	知らない	Verb	VV	모르다
546	모시다	お連れする、お仕えする	Verb	VV	모시다
547	모양	形、形状、格好、スタイル	Noun	NNG	모양
548	모으다	集める	Verb	VV	모으다
549	모이다	集まる	Verb	VV	모이다
550	모임	集まり、集会	Noun	NNG	모임
551	모자	帽子	Noun	NNP	모자
552	목	首、喉	Noun	NNG	목
553	목걸이	ネックレス、首飾り	Noun	NNG	목걸이
554	목소리	声	Noun	NNG	목소리
555	목요일	木曜日	Noun	NNG	목요일
556	목욕	沐浴、入浴	Noun	NNG	목욕
557	목욕하다	入浴する	Noun	NNG	목욕
558	목적	目的	Noun	NNG	목적
559	몸	体、身体	Noun	NNG	몸
560	몸살	疲労からくる病気	Noun	NNG	몸살
561	못하다	できない	Adverb	MAG	못
562	몽골	モンゴル	Noun	NNP	몽골
563	무	大根	Noun	NNG	무
564	무겁다	重い	VA-I	VA-I	무겁다
565	무궁화	むくげ	Noun	NNG	무궁화
566	무료	無料	Noun	NNG	무료
567	무릎	ひざ	Noun	NNG	무릎
568	무리	無理	Noun	NNG	무리
569	무섭다	怖い	VA-I	VA-I	무섭다
570	무슨	何の～、どんな～	Determiner	MM	무슨
571	무엇	何	Pronoun	NP	무엇
572	무엇이	何が	Pronoun	NP	무엇
573	무역	貿易	Noun	NNG	무역
574	무용	舞踊、踊り、ダンス	Noun	NNG	무용
575	무척	とても、非常に	Adverb	MAG	무척
576	문	門、戸、ドア	Noun	NNP	문
577	문구점	文具店	Noun	NNG	문구점
578	문장	文章	Noun	NNG	문장
579	문제	問題	Noun	NNG	문제
580	문화	文化	Noun	NNG	문화
581	묻다	尋ねる、聞く	VV-I	VV-I	묻다
582	물	水	Noun	NNG	물
583	물건	物、物品	Noun	NNG	물건
584	물론	もちろん	Adverb	MAG	물론
585	물어보다	尋ねてみる、聞いてみる、聞く	VV-I	VV-I	묻다
586	뭐	何	Interjection	IC	뭐
587	미국	米国、アメリカ	Noun	NNP	미국
588	미래	未来	Noun	NNG	미래
589	미리	前もって、あらかじめ	Adverb	MAG	미리
590	미술	美術	Noun	NNG	미술
591	미술관	美術館	Noun	NNG	미술관
592	미안하다	すまない	Noun	NNG	미안
593	미안합니다	すみません	Noun	NNG	미안
594	미용실	美容室	Noun	NNG	미용실
595	미터	メートル	Noun	NNB	미터
596	민속촌	民俗村	Noun	NNG	민속촌
597	밀가루	小麦粉	Noun	NNG	밀가루
598	밀리다	滞る	Verb	VV	밀리다
599	밑	下、底	Noun	NNG	밑
600	바꾸다	変える	Verb	VV	바꾸다
601	바뀌다	変わる	Verb	VV	바뀌다
602	바나나	バナナ	Noun	NNG	바나나
603	바다	海	Noun	NNG	바다
604	바닷가	海辺、浜辺	Noun	NNG	바닷가
605	바라다	願う	Verb	VV	바라다
606	바람	風	Noun	NNG	바람
607	바로	すぐに、まさに	Adverb	MAG	바로
608	바르다	塗る、つける	Adjective	VA	바르다
609	바쁘다	忙しい	Adjective	VA	바쁘다
610	바이올린	バイオリン	Noun	NNG	바이올린
611	바지	ズボン	Noun	NNG	바지
612	박물관	博物館	Noun	NNG	박물관
613	박수	拍手	Noun	NNG	박수
614	밖	外	Noun	NNG	밖
615	반	半分、班	Noun	NNG	반
616	반갑다	嬉しい	VA-I	VA-I	반갑다
617	반갑습니다	お会いできて嬉しいです	VA-I	VA-I	반갑다
618	반년	半年	Noun	NNG	반년
619	반달	半月	Noun	NNG	반달
620	반바지	半ズボン	Noun	NNG	반바지
621	반지	指輪	Noun	NNG	반지
622	반찬	おかず	Noun	NNG	반찬
623	받다	受ける、受け取る	VV-R	VV-R	받다
624	발	足	Noun	NNG	발
625	발가락	足の指	Noun	NNG	발가락
626	발음	発音	Noun	NNG	발음
627	발전	発展	Noun	NNG	발전
628	발표	発表	Noun	NNG	발표
629	밝다	明るい	Adjective	VA	밝다
630	밤	夜	Noun	NNG	밤
631	밥	ご飯、食事	Noun	NNG	밥
632	방	部屋	Noun	NNG	방
633	방법	方法	Noun	NNG	방법
634	방송	放送	Noun	NNG	방송
635	방송국	放送局	Noun	NNG	방송국
636	방학	（夏休み、冬休みなど、学校の長期の）休み	Noun	NNG	방학
637	배	お腹、船、梨	Noun	NNG	배
638	배고프다	空腹だ	Adjective	VA	배고프다
639	배구	バレーボール	Noun	NNG	배구
640	배달	配達、出前	Noun	NNG	배달
641	배부르다	お腹いっぱいだ、満腹だ	Adjective	VA	배부르다
642	배우	俳優	Noun	NNG	배우
643	배우다	習う、教わる	Noun	NNG	배우
644	배탈	腹痛	Noun	NNG	배탈
645	백	100	Numeral	NR	백
646	백화점	百貨店、デパート	Noun	NNG	백화점
647	버리다	捨てる	Verb	VV	버리다
648	버스	バス	Noun	NNG	버스
649	번	～回	Noun	NNB	번
650	번호	番号	Noun	NNG	번호
651	벌다	（お金を）稼ぐ、儲ける	Verb	VV	벌다
652	벌써	すでに、もう	Adverb	MAG	벌써
653	벗다	脱ぐ	VV-R	VV-R	벗다
654	벚꽃	桜	Noun	NNG	벚꽃
655	베이징	北京	Noun	NNP	베이징
656	베트남	ベトナム	Noun	NNP	베트남
657	벽	壁	Noun	NNG	벽
658	변호사	弁護士	Noun	NNG	변호사
659	별	星	Determiner	MM	별
660	별로	別に	Adverb	MAG	별로
661	병	（瓶）～本、病気	Noun	NNG	병
662	병원	病院	Noun	NNG	병원
663	보내다	送る、過ごす	Verb	VV	보내다
664	보다	見る、より	Adverb	MAG	보다
665	보도	報道	Noun	NNG	보도
666	보이다	見える、見せる	Verb	VV	보이다
667	보통	ふつう、一般的に	Adverb	MAG	보통
668	복숭아	桃	Noun	NNG	복숭아
669	복잡하다	複雑だ、（道が）混雑している	XR	XR	복잡
670	볶다	炒める、煎る	Verb	VV	볶다
671	볶음밥	チャーハン	Noun	NNG	볶음밥
672	볼펜	ボールペン	Noun	NNG	볼펜
673	봄	春	Noun	NNG	봄
674	봉지	袋	Noun	NNG	봉지
675	봉투	封筒	Noun	NNG	봉투
676	뵙다	お目にかかる	VV-R	VV-R	뵙다
677	부동산	不動産	Noun	NNG	부동산
678	부드럽다	柔らかい、やさしい	VA-I	VA-I	부드럽다
679	부르다	人を呼ぶ、歌を歌う	Verb	VV	부르다
680	부모	父母	Noun	NNG	부모
681	부부	夫婦	Noun	NNG	부부
682	부산	釜山	Noun	NNP	부산
683	부업	副業	Noun	NNG	부업
684	부엌	台所	Noun	NNG	부엌
685	부인	夫人	Noun	NNG	부인
686	부장	部長	Noun	NNG	부장
687	부지런하다	勤勉だ、まめだ	Noun	NNG	부지런
688	부치다	（郵便物を）送る、（チヂミ、プッチムゲなどを）焼く	Verb	VV	부치다
689	부탁	お願い	Noun	NNG	부탁
690	부탁하다	依頼する	Noun	NNG	부탁
691	북쪽	北、北側	Noun	NNG	북쪽
692	분	～名（目上の人を数える）、～分（時間）	Noun	NNB	분
693	분위기	雰囲気	Noun	NNG	분위기
694	불	火、明かり、電気	Noun	NNG	불
695	불고기	プルコギ、焼き肉	Noun	NNG	불고기
696	불다	（風が）吹く、（口笛、楽器などを）吹く	Noun	NNG	불
697	불편하다	不便だ、体調が悪い	Noun	NNG	불편
698	붓다	（液体を）注ぐ	Noun	NNP	붓다
699	붙다	くっつく、（試験に）受かる	Verb	VV	붙다
700	붙이다	つける、貼る	Verb	VV	붙이다
701	브라질	ブラジル	Noun	NNP	브라질
702	블라우스	ブラウス	Noun	NNG	블라우스
703	비	雨	Noun	NNG	비
704	비누	石鹸	Noun	NNG	비누
705	비디오	ビデオ	Noun	NNG	비디오
706	비밀	秘密	Noun	NNG	비밀
707	비빔밥	ビビンバ	Noun	NNG	비빔밥
708	비슷하다	似ている	Adjective	VA	비슷하다
709	비싸다	（値段が）高い	Adjective	VA	비싸다
710	비행기	飛行機	Noun	NNG	비행기
711	비행장	飛行場	Noun	NNG	비행장
712	빌딩	ビル	Noun	NNG	빌딩
713	빌리다	借りる	Verb	VV	빌리다
714	빠르다	（速度が）速い	Adjective	VA	빠르다
715	빨간색	赤色、赤	Noun	NNG	빨간색
716	빨갛다	赤い	VA-I	VA-I	빨갛다
717	빨다	洗濯する	Verb	VV	빨다
718	빨래	洗濯	Noun	NNG	빨래
719	빨리	はやく	Adverb	MAG	빨리
720	빵	パン	Noun	NNG	빵
721	빵집	パン屋、ベーカリー	Noun	NNG	빵집
722	빼다	のける、引く、抜く	Verb	VV	빼다
723	뿐	だけ、のみ、ばかり	Noun	NNB	뿐
724	사	4	Numeral	NR	사
725	사거리	四つ角	Noun	NNG	사거리
726	사계절	四季	Noun	NNG	사계절
727	사고	事故	Noun	NNG	사고
728	사과	りんご	Noun	NNG	사과
729	사다	買う	Verb	VV	사다
730	사람	人	Noun	NNG	사람
731	사랑	愛	Noun	NNG	사랑
732	사랑하다	愛する	Noun	NNG	사랑
733	사례	事例	Noun	NNG	사례
734	사무실	事務室	Noun	NNG	사무실
735	사물	物事	Noun	NNG	사물
736	사십	40	Numeral	NR	사
737	사업가	事業家	Noun	NNG	사업가
738	사용하다	使用する	Noun	NNG	사용
739	사원	社員	Noun	NNG	사원
740	사월	４月	Noun	NNG	사월
741	사이	間	Noun	NNG	사이
742	사이다	サイダー	Noun	NNG	사이다
743	사이즈	サイズ	Noun	NNG	사이즈
744	사인하다	サインする	Noun	NNG	사인
745	사장	社長	Noun	NNG	사장
746	사전	事典、辞典、辞書	Noun	NNG	사전
747	사진	写真	Noun	NNG	사진
748	사진기	写真機、カメラ	Noun	NNG	사진기
749	사촌	いとこ	Noun	NNG	사촌
750	사탕	飴、キャンディー	Noun	NNG	사탕
751	사흘	３日、３日間	Noun	NNG	사흘
752	산	山	Noun	NNG	산
753	산책	散策、散歩	Noun	NNG	산책
754	살	～歳	Noun	NNG	살
755	살다	生きる、暮らす、住む	Verb	VV	살다
756	삼	3	Numeral	NR	삼
757	삼거리	三つ角、三叉路	Noun	NNG	삼거리
758	삼계탕	サムゲタン（蓼鶏湯）	Noun	NNG	삼계탕
759	삼십	30	Numeral	NR	삼
760	삼월	３月	Noun	NNG	삼월
761	삼촌	（父方の）おじ	Noun	NNG	삼촌
762	상관	関係	Noun	NNG	상관
763	상자	箱、ボックス	Noun	NNG	상자
764	상처	傷	Noun	NNG	상처
765	상품	商品	Noun	NNG	상품
766	새	新しい、鳥	Noun	NNG	새
767	새로	新しく	Adverb	MAG	새로
768	새벽	深夜、未明、明け方	Noun	NNG	새벽
769	새우	えび	Noun	NNG	새우
770	색	色	Noun	NNG	색
771	색깔	色	Noun	NNG	색깔
772	샌드위치	サンドウィッチ	Noun	NNG	샌드위치
773	생각	考え、思想	Noun	NNG	생각
774	생각되다	考えられる、思われる	Noun	NNG	생각
775	생각하다	考える	Noun	NNG	생각
776	생기다	生じる	Verb	VV	생기다
777	생선	魚（料理）	Noun	NNG	생선
778	생신	（目上の人の）誕生日	Noun	NNG	생신
779	생일	誕生日	Noun	NNG	생일
780	생활	生活	Noun	NNG	생활
781	샤워하다	シャワーする	Noun	NNG	샤워
782	샴푸	シャンプー	Noun	NNG	샴푸
783	서다	立つ、（時計の針などが）止まる	Verb	VV	서다
784	서로	互いに、共に	Adverb	MAG	서로
785	서류	書類	Noun	NNG	서류
786	서른	30	Numeral	NR	서른
787	서비스	サービス	Noun	NNG	서비스
788	서양	西洋	Noun	NNG	서양
789	서울	ソウル	Noun	NNP	서울
790	서울역	ソウル駅	Noun	NNP	서울역
791	서점	書店、本屋	Noun	NNG	서점
792	서쪽	西、西側	Noun	NNG	서쪽
793	선물	プレゼント	Noun	NNG	선물
794	선배	先輩	Noun	NNG	선배
795	선생님	先生	Noun	NNG	선생
796	선수	選手	Noun	NNG	선수
797	선택하다	選択する、選ぶ	Noun	NNG	선택
798	선풍기	扇風機	Noun	NNG	선풍기
799	설거지	皿洗い	Noun	NNG	설거지
800	설날	（旧正月の）元旦	Noun	NNG	설날
801	설렁탕	ソルロンタン	Noun	NNG	설렁탕
802	설명	説明	Noun	NNG	설명
803	설명하다	説明する	Noun	NNG	설명
804	설악산	雪岳山	Noun	NNP	설악산
805	설탕	砂糖	Noun	NNG	설탕
806	섬	島	Noun	NNG	섬
807	성	姓、名字	Noun	NNG	성
808	성격	性格	Noun	NNG	성격
809	성함	お名前	Noun	NNG	성함
810	세계	世界	Noun	NNG	세계
811	세수하다	洗顔する	Noun	NNG	세수
812	세우다	たてる	Verb	VV	세우다
813	세일하다	セールする	Noun	NNG	세일
814	세탁기	洗濯機	Noun	NNG	세탁기
815	세탁소	クリーニング屋	Noun	NNG	세탁소
816	센터	センター	Noun	NNG	센터
817	센티미터	センチメートル	Noun	NNB	센티미터
818	셋	3	Numeral	NR	셋
819	셋째	第３の～、３番目の～	Numeral	NR	셋째
820	소	牛	Noun	NNG	소
821	소개	紹介	Noun	NNG	소개
822	소개하다	紹介する	Noun	NNG	소개
823	소고기	牛肉	Noun	NNG	소고기
824	소금	塩	Noun	NNG	소금
825	소리	音、声	Noun	NNG	소리
826	소설	小説	Noun	NNG	소설
827	소설가	小説家	Noun	NNG	소설가
828	소식	消息、便り	Noun	NNG	소식
829	소파	ソファー	Noun	NNG	소파
830	소포	小包	Noun	NNG	소포
831	소풍	遠足	Noun	NNG	소풍
832	소화제	消化剤	Noun	NNG	소화제
833	속	中	Noun	NNG	속
834	손	手	Noun	NNG	손
835	손가락	手の指	Noun	NNG	손가락
836	손님	お客さま	Noun	NNG	손
837	손수건	ハンカチ	Noun	NNG	손수건
838	송이	（花などの）房	Noun	NNG	송이
839	쇼핑	ショッピング	Noun	NNG	쇼핑
840	수건	タオル、手ぬぐい	Noun	NNG	수건
841	수도	首都	Noun	NNG	수도
842	수돗물	水道水	Noun	NNG	수돗물
843	수박	すいか	Noun	NNG	수박
844	수술하다	手術する	Noun	NNG	수술
845	수업	授業	Noun	NNG	수업
846	수영	水泳	Noun	NNG	수영
847	수영복	水着	Noun	NNG	수영복
848	수영장	プール	Noun	NNG	수영장
849	수요일	水曜日	Noun	NNG	수요일
850	수저	箸とスプーン	Noun	NNG	수저
851	수첩	手帳	Noun	NNG	수첩
852	수학	数学	Noun	NNG	수학
853	숙제	宿題	Noun	NNG	숙제
854	순서	順序、順番	Noun	NNG	순서
855	숟가락	スプーン	Noun	NNG	숟가락
856	술	酒	Noun	NNG	술
857	쉬다	休む	Verb	VV	쉬다
858	쉰	50	Numeral	NR	쉰
859	쉽다	簡単だ	VA-I	VA-I	쉽다
860	슈퍼마켓	スーパーマーケット	Noun	NNG	슈퍼마켓
861	스물	20	Numeral	NR	스물
862	스웨터	セーター	Noun	NNG	스웨터
863	스케이트	スケート	Noun	NNG	스케이트
864	스키	スキー	Noun	NNG	스키
865	스키장	スキー場	Noun	NNG	스키장
866	스타	スター	Noun	NNG	스타
867	스타킹	ストッキング	Noun	NNG	스타킹
868	스트레스	ストレス	Noun	NNG	스트레스
869	스페인어	スペイン語	Noun	NNP	스페인어
870	스포츠	スポーツ	Noun	NNG	스포츠
871	슬퍼하다	悲しむ	Verb	VV	슬퍼하다
872	슬프다	悲しい	Adjective	VA	슬프다
873	습관	習慣、くせ	Noun	NNG	습관
874	시	市、時	Noun	NNG	시
875	시간	時間	Noun	NNG	시간
876	시간표	時間表、時刻表	Noun	NNG	시간표
877	시계	時計	Noun	NNG	시계
878	시골	いなか	Noun	NNG	시골
879	시끄럽다	うるさい	VA-I	VA-I	시끄럽다
880	시내	市内、小川	Noun	NNG	시내
881	시다	酸っぱい	Noun	NNG	시
882	시디	CD	Noun	NNG	시디
883	시민	市民	Noun	NNG	시민
884	시설	施設	Noun	NNG	시설
885	시외	市外	Noun	NNG	시외
886	시원하다	涼しい、爽快だ	XR	XR	시원
887	시월	１０月	Noun	NNG	시월
888	시작	始まり	Noun	NNG	시작
889	시작되다	始まる	Noun	NNG	시작
890	시작하다	始める	Noun	NNG	시작
891	시장	市場	Noun	NNG	시장
892	시청	市役所	Noun	NNG	시청
893	시키다	～させる、注文する	Verb	VV	시키다
894	시험	試験	Noun	NNG	시험
895	식당	食堂	Noun	NNG	식당
896	식사	食事	Noun	NNG	식사
897	식탁	食卓	Noun	NNG	식탁
898	신	新、神	XPN	XPN	신
899	신다	履く	Verb	VV	신다
900	신문	新聞	Noun	NNG	신문
901	신발	履物、靴	Noun	NNG	신발
902	신청서	申請書	Noun	NNG	신청서
903	신청하다	申請する	Noun	NNG	신청
904	실례	失礼	Noun	NNG	실례
905	실례하다	失礼する	Noun	NNG	실례
906	실수	失敗、ミス	Noun	NNG	실수
907	싫다	嫌いだ	Adjective	VA	싫다
908	싫어하다	嫌う	Adjective	VA	싫다
909	심하다	ひどい、（度が）過ぎる	Adjective	VA	심하다
910	십	10	Numeral	NR	십
911	십이월	１２月	Numeral	NR	십이
912	십일월	１１月	Noun	NNG	십일월
913	싱겁다	（味が）薄い	VA-I	VA-I	싱겁다
914	싶다	～したい	AuxVerb	VX	싶다
915	싸다	包む、安い	Adjective	VA	싸다
916	싸우다	けんかする、争う	Verb	VV	싸우다
917	쌀	米	Noun	NNG	쌀
918	쌀밥	米飯、ごはん	Noun	NNG	쌀밥
919	쌓이다	積もる	Verb	VV	쌓이다
920	썰다	切る	Verb	VV	썰다
921	쓰기	書くこと、書き取り	Verb	VV	쓰다
922	쓰다	書く、使う、めがねをかける	Verb	VV	쓰다
923	쓰레기	ごみ	Noun	NNG	쓰레기
924	쓰이다	使われる、使える	Verb	VV	쓰이다
925	씨	～氏	Interjection	IC	씨
926	씩	～ずつ	Adverb	MAG	씩
927	씹다	噛む	VV-R	VV-R	씹다
928	씻다	洗う	VV-R	VV-R	씻다
929	아가씨	お嬢さん	Noun	NNG	아가씨
930	아기	赤ちゃん、幼児	Noun	NNG	아기
931	아까	さっき	Adverb	MAG	아까
932	아내	妻	Noun	NNG	아내
933	아뇨	いいえ	Interjection	IC	아뇨
934	아니다	～でない	NegCopula	VCN	아니다
935	아니오	いいえ	Interjection	IC	아니오
936	아니요	いいえ	Interjection	IC	아니요
937	아들	息子	Noun	NNG	아들
938	아랍어	アラビア語	Noun	NNP	아랍어
939	아래	下	Noun	NNG	아래
940	아름답다	美しい	VA-I	VA-I	아름답다
941	아마	多分、おそらく	Adverb	MAG	아마
942	아무	何（もない）、誰（もいない）	Determiner	MM	아무
943	아버님	お父様	Noun	NNG	아버님
944	아버지	父	Noun	NNG	아버지
945	아빠	パパ	Noun	NNG	아빠
946	아시아	アジア	Noun	NNP	아시아
947	아이	子供	Interjection	IC	아이
948	아이스크림	アイスクリーム	Noun	NNG	아이스크림
949	아저씨	おじさん	Noun	NNG	아저씨
950	아주	とても、完全に	Adverb	MAG	아주
951	아주머니	おばさん	Noun	NNG	아주머니
952	아줌마	おばさん	Noun	NNG	아줌마
953	아직	まだ、いまだに	Adverb	MAG	아직
954	아침	朝、朝食	Noun	NNG	아침
955	아침밥	朝ご飯	Noun	NNG	아침밥
956	아침식사	朝食	Noun	NNG	아침
957	아파트	アパート、マンション	Noun	NNG	아파트
958	아프다	痛い、病気だ	Adjective	VA	아프다
959	아프리카	アフリカ	Noun	NNP	아프리카
960	아홉	9	Numeral	NR	아홉
961	아흔	90	Numeral	NR	아흔
962	악기	楽器	Noun	NNG	악기
963	안	～しない、中	Adverb	MAG	안
964	안경	眼鏡	Noun	NNG	안경
965	안내하다	案内する	Noun	NNG	안내
966	안녕하세요	こんにちは	Noun	NNG	안녕
967	안녕하십니까	こんにちは	Noun	NNG	안녕
968	안다	抱く	Verb	VV	알다
969	안전하다	安全だ	Noun	NNG	안전
970	앉다	座る	Verb	VV	앉다
971	알다	知る、分かる	Verb	VV	알다
972	알리다	知らせる	Verb	VV	알리다
973	알맞다	ふさわしい、適当だ	Adjective	VA	알맞다
974	알았습니다	わかりました	Verb	VV	알다
975	앞	前	Noun	NNG	앞
976	애	子供	Noun	NNG	애
977	액세서리	アクセサリ	Noun	NNG	액세서리
978	야구	野球	Noun	NNG	야구
979	야채	野菜	Noun	NNG	야채
980	약	約～、薬	Noun	NNG	약
981	약간	若干、少し	Adverb	MAG	약간
982	약국	薬局	Noun	NNG	약국
983	약사	薬剤師	Noun	NNG	약사
984	약속	約束	Noun	NNG	약속
985	얇다	薄い	Adjective	VA	얇다
986	양	量	Noun	NNG	양
987	양말	靴下	Noun	NNG	양말
988	양복	スーツ、背広	Noun	NNG	양복
989	양식	洋食	Noun	NNG	양식
990	양파	たまねぎ	Noun	NNG	양파
991	얘기하다	話す	Noun	NNG	얘기
992	어깨	肩	Noun	NNG	어깨
993	어느	どの～	Determiner	MM	어느
994	어둡다	暗い	VA-I	VA-I	어둡다
995	어디	どこ	Pronoun	NP	어디
996	어떤	どんな	Determiner	MM	어떤
997	어떻게	どのように	VA-I	VA-I	어떻다
998	어떻다	どうだ	VA-I	VA-I	어떻다
999	어떻습니까?	どうですか	VA-I	VA-I	어떻다
1000	어렵다	難しい	VA-I	VA-I	어렵다
1001	어른	大人	Noun	NNG	어른
1002	어리다	幼い	Adjective	VA	어리다
1003	어린이	子供	Noun	NNG	어린이
1004	어머	まあ、おや（女性が使う）	Interjection	IC	어머
1005	어머니	母	Noun	NNG	어머니
1006	어머님	お母様	Noun	NNG	어머님
1007	어서	はやく	Adverb	MAG	어서
1008	어울리다	似合う、仲良く付き合う	Verb	VV	어울리다
1009	어저께	昨日	Adverb	MAG	어저께
1010	어제	きのう	Adverb	MAG	어제
1011	어젯밤	昨夜	Noun	NNG	어젯밤
1012	언니	（妹から見て）姉	Noun	NNG	언니
1013	언제	いつ	Adverb	MAG	언제
1014	언제나	いつも、いつでも	Adverb	MAG	언제나
1015	얼굴	顔	Noun	NNG	얼굴
1016	얼마나	いくらほど、どのくらい	Adverb	MAG	얼마나
1017	얼음	氷	Noun	NNG	얼음
1018	엄마	ママ	Noun	NNG	엄마
1019	없다	ない、いない	Adjective	VA	없다
1020	없이	～なしで	Adverb	MAG	없이
1021	에어컨	エアコン、クーラー	Noun	NNG	에어컨
1022	엔	円	Noun	NNG	엔
1023	엘리베이터	エレベーター	Noun	NNG	엘리베이터
1024	여권	旅券、パスポート	Noun	NNG	여권
1025	여기	ここ	Pronoun	NP	여기
1026	여기저기	あちこち	Noun	NNG	여기저기
1027	여덟	8	Numeral	NR	여덟
1028	여동생	妹	Noun	NNG	여동생
1029	여든	80	Numeral	NR	여든
1030	여러	多くの	Determiner	MM	여러
1031	여러가지	いろいろ	Determiner	MM	여러
1032	여러분	皆様	Pronoun	NP	여러분
1033	여름	夏	Noun	NNG	여름
1034	여보세요	もしもし	Interjection	IC	여보세요
1035	여섯	6	Numeral	NR	여섯
1036	여자	女性	Noun	NNG	여자
1037	여학생	女子学生	Noun	NNG	여학생
1038	여행	旅行	Noun	NNG	여행
1039	여행사	旅行社	Noun	NNG	여행사
1040	역	駅	Noun	NNG	역
1041	역사	歴史	Noun	NNG	역사
1042	연락처	連絡先	Noun	NNG	연락처
1043	연세	お歳（「年齢」の尊敬語）	Noun	NNG	연세
1044	연습	練習	Noun	NNG	연습
1045	연습하다	練習する	Noun	NNG	연습
1046	연예인	芸能人	Noun	NNG	연예인
1047	연필	鉛筆	Noun	NNG	연필
1048	연휴	連休	Noun	NNG	연휴
1049	열	熱、10	Numeral	NR	열
1050	열다	開く（あく）、開ける、（物事を）始める	Verb	VV	열다
1051	열리다	開く（ひらく）、開かれる、（物事が）始まる	Verb	VV	열리다
1052	열쇠	鍵	Noun	NNG	열쇠
1053	열심히	熱心に、懸命に	Adverb	MAG	열심히
1054	열차	列車	Noun	NNG	열차
1055	엽서	はがき	Noun	NNG	엽서
1056	영	ゼロ	Numeral	NR	영
1057	영국	英国、イギリス	Noun	NNP	영국
1058	영상	映像	Noun	NNG	영상
1059	영어	英語	Noun	NNP	영어
1060	영어회화	英会話	Noun	NNP	영어
1061	영하	零下、氷点下	Noun	NNP	영하
1062	영화	映画	Noun	NNG	영화
1063	영화관	映画館	Noun	NNG	영화관
1064	영화배우	映画俳優	Noun	NNG	영화배우
1065	영화표	映画のチケット	Noun	NNG	영화표
1066	옆	横	Noun	NNG	옆
1067	예	はい	Interjection	IC	예
1068	예문	例文	Noun	NNG	예문
1069	예쁘다	きれいだ	Adjective	VA	예쁘다
1070	예순	60	Numeral	NR	예순
1071	예약	予約	Noun	NNG	예약
1072	옛날	昔	Noun	NNG	옛날
1073	오	5	Interjection	IC	오
1074	오늘	きょう	Adverb	MAG	오늘
1075	오다	来る	Verb	VV	오다
1076	오래	長く、ずっと	Adverb	MAG	오래
1077	오래간만	久しぶり	Noun	NNG	오래간만
1078	오래간만입니다	お久しぶりです	Noun	NNG	오래간만
1079	오랜만	久しぶり	Noun	NNG	오랜만
1080	오랜만에	久しぶりに	Noun	NNG	오랜만
1081	오랫동안	長い間	Noun	NNG	오랫동안
1082	오렌지	オレンジ	Noun	NNG	오렌지
1083	오르다	上る、登る	Verb	VV	오르다
1084	오른쪽	右、右側	Noun	NNG	오른쪽
1085	오리	あひる、鴨	Noun	NNG	오리
1086	오빠	（妹から見て）兄	Noun	NNG	오빠
1087	오십	50	Numeral	NR	오
1088	오월	５月	Noun	NNG	오월
1089	오이	きゅうり	Noun	NNG	오이
1090	오전	午前	Noun	NNG	오전
1091	오징어	いか（烏賊）	Noun	NNG	오징어
1092	오후	午後	Noun	NNG	오후
1093	올라가다	上って行く	Verb	VV	올라가다
1094	올라오다	上って来る	Verb	VV	올라오다
1095	올려놓다	乗せる	Verb	VV	올려놓다
1096	올림픽	オリンピック	Noun	NNG	올림픽
1097	올해	今年	Noun	NNG	올해
1098	옮기다	移す、翻訳する	Verb	VV	옮기다
1099	옷	服	Noun	NNG	옷
1100	옷가게	服屋、衣服店、洋服店	Noun	NNG	옷
1101	옷장	洋服だんす	Noun	NNG	옷장
1102	와이셔츠	ワイシャツ	Noun	NNG	와이셔츠
1103	왜	なぜ、どうして	Adverb	MAG	왜
1104	왜냐하면	なぜかというと、なぜならば	Adverb	MAG	왜냐하면
1105	외국	外国	Noun	NNG	외국
1106	외국어	外国語	Noun	NNG	외국어
1107	외국인	外国人	Noun	NNG	외국인
1108	외롭다	（一人ぼっちで）さびしい、心細い	VA-I	VA-I	외롭다
1109	외삼촌	（母方の）おじ	Noun	NNG	외삼촌
1110	외숙모	（母方の）おば	Noun	NNG	외숙모
1111	외출하다	外出する	Noun	NNG	외출
1112	외할머니	（母方の）祖母	Noun	NNG	외할머니
1113	외할아버지	（母方の）祖父	Noun	NNG	외할아버지
1114	왼쪽	左、左側	Noun	NNG	왼쪽
1115	요금	料金	Noun	NNG	요금
1116	요르단	ヨルダン	Noun	NNP	요르단
1117	요리	料理	Noun	NNG	요리
1118	요일	曜日	Noun	NNG	요일
1119	요즘	この頃、近ごろ	Noun	NNG	요즘
1120	우리	我々	Pronoun	NP	우리
1121	우리나라	韓国、わが国	Noun	NNG	우리나라
1122	우산	雨傘、傘	Noun	NNG	우산
1123	우선	まず、最初に	Adverb	MAG	우선
1124	우유	牛乳	Noun	NNG	우유
1125	우체국	郵便局	Noun	NNG	우체국
1126	우표	切手	Noun	NNG	우표
1127	운동	運動	Noun	NNG	운동
1128	운동복	体操服、スポーツウェア	Noun	NNG	운동복
1129	운동선수	スポーツ選手	Noun	NNG	운동
1130	운동장	運動場	Noun	NNG	운동장
1131	운동하다	運動する、スポーツする	Noun	NNG	운동
1132	운동화	運動靴	Noun	NNG	운동화
1133	운전하다	運転する	Noun	NNG	운전
1134	울다	（人が）泣く、（動物が）鳴く、（鐘などが）鳴る	Verb	VV	울다
1135	울리다	泣かせる、鳴かせる、鳴らす	Verb	VV	울리다
1136	움직이다	動く	Verb	VV	움직이다
1137	웃기다	笑わせる	Verb	VV	웃기다
1138	웃다	笑う	VV-R	VV-R	웃다
1139	원	ウォン（韓国の貨幣単位）	Noun	NNB	원
1140	원피스	ワンピース	Noun	NNP	원피스
1141	원하다	願う、望む	Verb	VV	원하다
1142	월	～（ヶ）月	Noun	NNG	월
1143	월급	月給、給料	Noun	NNG	월급
1144	월드컵	ワールドカップ	Noun	NNG	월드컵
1145	월세	（月払いの）家賃、賃料	Noun	NNG	월세
1146	월요일	月曜日	Noun	NNG	월요일
1147	웬일	何事、どうしたこと	Noun	NNG	웬일
1148	위	上	Noun	NNG	위
1149	위치	位置	Noun	NNG	위치
1150	위하다	（～のために）する	Verb	VV	위하다
1151	위험하다	危険だ	Noun	NNG	위험
1152	유럽	ヨーロッパ	Noun	NNP	유럽
1153	유리	ガラス	Noun	NNG	유리
1154	유명하다	有名だ	Noun	NNG	유명
1155	유월	６月	Noun	NNG	유월
1156	유학	留学	Noun	NNG	유학
1157	유학생	留学生	Noun	NNG	유학
1158	유행	流行	Noun	NNG	유행
1159	육	6	Numeral	NR	육
1160	육십	60	Numeral	NR	육
1161	은행	銀行	Noun	NNG	은행
1162	은행원	銀行員	Noun	NNG	은행원
1163	음료수	飲料水、清涼飲料水、ジュース	Noun	NNG	음료수
1164	음반	音盤	Noun	NNG	음반
1165	음식	食べ物、料理	Noun	NNG	음식
1166	음악	音楽	Noun	NNG	음악
1167	음악가	音楽家	Noun	NNG	음악가
1168	응	うん（返事）	Interjection	IC	응
1169	의미	意味	Noun	NNG	의미
1170	의사	医者	Noun	NNG	의사
1171	의자	いす	Noun	NNG	의자
1172	이	歯、この、２	Interjection	IC	이
1173	이거	これ	Pronoun	NP	이거
1174	이것	これ	Pronoun	NP	이것
1175	이곳	ここ	Pronoun	NP	이곳
1176	이따가	後で、後ほど	Adverb	MAG	이따가
1177	이런	こんな～	Determiner	MM	이런
1178	이렇게	こんなに、このように	VA-I	VA-I	이렇다
1179	이렇다	こうだ	VA-I	VA-I	이렇다
1180	이름	名前	Noun	NNG	이름
1181	이메일	ｅメール、電子メール	Noun	NNG	이메일
1182	이모	（母方の）おば	Noun	NNG	이모
1183	이모부	（母方の）おじ	Noun	NNG	이모부
1184	이번	今回、こんど	Noun	NNG	이번
1185	이분	この方	Numeral	NR	이
1186	이사	引っ越し	Noun	NNG	이사
1187	이상	以上	Noun	NNG	이상
1188	이상하다	おかしい、変だ	Noun	NNG	이상
1189	이십	20	Numeral	NR	이
1190	이야기	話、物語	Noun	NNG	이야기
1191	이야기하다	話す	Noun	NNG	이야기
1192	이용	利用	Noun	NNG	이용
1193	이용하다	利用する	Noun	NNG	이용
1194	이월	２月	Noun	NNG	이월
1195	이유	理由	Noun	NNG	이유
1196	이제	いまや、もう	Interjection	IC	이제
1197	이집트	エジプト	Noun	NNP	이집트
1198	이쪽	こちら、この方	Pronoun	NP	이쪽
1199	이틀	２日、２日間	Noun	NNG	이틀
1200	이해	理解	Noun	NNG	이해
1201	이해하다	理解する	Noun	NNG	이해
1202	인	～人	Pronoun	NP	이
1203	인구	人口	Noun	NNG	인구
1204	인기	人気	Noun	NNG	인기
1205	인기스타	人気スター	Noun	NNG	인기
1206	인도	インド	Noun	NNP	인도
1207	인사	挨拶	Noun	NNG	인사
1208	인사하다	挨拶する	Noun	NNG	인사
1209	인삼	人参、高麗人参	Noun	NNG	인삼
1210	인상	印象	Noun	NNG	인상
1211	인천	インチョン（仁川）	Noun	NNP	인천
1212	인터넷	インターネット	Noun	NNG	인터넷
1213	인터뷰하다	インタビューする	Noun	NNG	인터뷰
1214	인형	人形	Noun	NNG	인형
1215	일	1、日	Numeral	NR	일
1216	일곱	7	Numeral	NR	일곱
1217	일기	日記	Noun	NNG	일기
1218	일기예보	天気予報	Noun	NNG	일기
1219	일본	日本	Noun	NNP	일본
1220	일본드라마	日本のドラマ	Noun	NNP	일본
1221	일본말	日本語	Noun	NNP	일본
1222	일본사람	日本人	Noun	NNP	일본
1223	일본어	日本語	Noun	NNP	일본어
1224	일본요리	日本料理	Noun	NNP	일본
1225	일상생활	日常生活	Noun	NNG	일상생활
1226	일식	日本料理	Noun	NNG	일식
1227	일어나다	起きる、立つ、起こる	Verb	VV	일어나다
1228	일어서다	立ち上がる	Verb	VV	일어서다
1229	일요일	日曜日	Noun	NNG	일요일
1230	일월	１月	Noun	NNG	일월
1231	일주일	１週間	Noun	NNG	일주일
1232	일찍	（時間的に）はやく	Adverb	MAG	일찍
1233	일하다	働く	Noun	NNG	일
1234	일흔	70	Numeral	NR	일흔
1235	읽기	読むこと、読解	Verb	VV	읽다
1236	읽다	読む	Verb	VV	읽다
1237	잃다	失う	Verb	VV	잃다
1238	잃어버리다	失くしてしまう	Verb	VV	잃어버리다
1239	입	口	Noun	NNG	입
1240	입구	入り口	Noun	NNG	입구
1241	입다	着る	VV-R	VV-R	입다
1242	입원하다	入院する	Noun	NNG	입원
1243	입학	入学	Noun	NNG	입학
1244	있다	ある、いる	Adjective	VA	있다
1245	잊다	忘れる	Verb	VV	잊다
1246	잊어버리다	忘れる、忘れてしまう	Verb	VV	잊어버리다
1247	자	さあ	Interjection	IC	자
1248	자기	自己、自分	Pronoun	NP	자기
1249	자다	寝る	Interjection	IC	자
1250	자동차	自動車、車	Noun	NNG	자동차
1251	자동차회사	自動車会社	Noun	NNG	자동차
1252	자료	資料	Noun	NNG	자료
1253	자르다	切る	Verb	VV	자르다
1254	자리	座席、場所	Noun	NNG	자리
1255	자신	自身	Noun	NNG	자신
1256	자연	自然	Noun	NNG	자연
1257	자유	自由	Noun	NNG	자유
1258	자장면	ジャージャー麺	Noun	NNG	자장면
1259	자전거	自転車	Noun	NNG	자전거
1260	자주	たびたび、しょっちゅう	Adverb	MAG	자주
1261	작년	昨年	Noun	NNG	작년
1262	작다	小さい	Adjective	VA	작다
1263	작은아버지	父の弟、おじ	Noun	NNG	작은아버지
1264	작은어머니	父の弟の妻、おば	Noun	NNG	작은어머니
1265	잔	～杯	Noun	NNG	잔
1266	잔치	パーティ、祝宴	Noun	NNG	잔치
1267	잘	よく、上手に	Adverb	MAG	잘
1268	잘못	間違って	Adverb	MAG	잘못
1269	잘생기다	ハンサムだ	Verb	VV	잘생기다
1270	잘하다	上手だ	Adverb	MAG	잘
1271	잠	寝ること、睡眠	Noun	NNG	잠
1272	잠깐	しばらく、ちょっと	Adverb	MAG	잠깐
1273	잠시	しばらく、ちょっと	Adverb	MAG	잠시
1274	잠자다	寝る、眠る	Verb	VV	잠자다
1275	잡다	つかむ、握る	VV-R	VV-R	잡다
1276	잡수시다	召し上がる	Verb	VV	잡수다
1277	잡지	雑誌	Noun	NNG	잡지
1278	장	～枚	Noun	NNG	장
1279	장갑	手袋	Noun	NNG	장갑
1280	장마	梅雨	Noun	NNG	장마
1281	장마철	梅雨時	Noun	NNG	장마철
1282	장미	バラ	Noun	NNG	장미
1283	장소	場所	Noun	NNG	장소
1284	장점	長所	Noun	NNG	장점
1285	재료	材料	Noun	NNG	재료
1286	재미없다	面白くない	Adjective	VA	재미없다
1287	재미있다	面白い	Adjective	VA	재미있다
1288	재킷	ジャケット	Noun	NNG	재킷
1289	저	あの	Interjection	IC	저
1290	저거	あれ	Pronoun	NP	저거
1291	저것	あれ	Pronoun	NP	저것
1292	저곳	あそこ	Determiner	MM	저
1293	저기	あそこ	Interjection	IC	저기
1294	저녁	夕方、夜、夕ご飯	Noun	NNG	저녁
1295	저녁식사	夕食	Noun	NNG	저녁
1296	저렇게	あのように	VA-I	VA-I	저렇다
1297	저분	あの方	Pronoun	NP	저분
1298	저쪽	あちら、あの方	Pronoun	NP	저쪽
1299	저희	私ども	Pronoun	NP	저희
1300	적	的	Noun	NNB	적
1301	적다	少ない、記す	Adjective	VA	적다
1302	전	全、前	Pronoun	NP	저
1303	전공	専攻	Noun	NNG	전공
1304	전기자동차	電気自動車	Noun	NNG	전기
1305	전자사전	電子辞書	Noun	NNG	전자
1306	전하다	伝える	Verb	VV	전하다
1307	전혀	まったく、全然	Adverb	MAG	전혀
1308	전화	電話	Noun	NNG	전화
1309	전화기	電話機	Noun	NNG	전화기
1310	전화번호	電話番号	Noun	NNG	전화
1311	절	寺	Pronoun	NP	저
1312	절대	絶対	Adverb	MAG	절대
1313	젊다	若い	Adjective	VA	젊다
1314	점	点	Noun	NNG	점
1315	점수	点数	Noun	NNG	점수
1316	점심	昼食、昼ごはん	Noun	NNG	점심
1317	점심시간	昼食時間	Noun	NNG	점심시간
1318	점심식사	昼食	Noun	NNG	점심
1319	점원	店員	Noun	NNG	점원
1320	점퍼	ジャンパー	Noun	NNG	점퍼
1321	젓가락	箸	Noun	NNG	젓가락
1322	정거장	停車場、駅	Noun	NNG	정거장
1323	정도	程度	Noun	NNG	정도
1324	정류장	停留所、バス停	Noun	NNG	정류장
1325	정리하다	整理する	Noun	NNG	정리
1326	정말	本当に	Adverb	MAG	정말
1327	정문	正門	Noun	NNG	정문
1328	정보	情報	Noun	NNG	정보
1329	정하다	定める	Verb	VV	정하다
1330	제가	私が	Pronoun	NP	저
1331	제목	題名、タイトル	Noun	NNG	제목
1332	제일	いちばん、最も	Adverb	MAG	제일
1333	제주도	済州島	Noun	NNP	제주도
1334	조금	少し	Adverb	MAG	조금
1335	조사하다	調査する	Noun	NNG	조사
1336	조선	朝鮮	Noun	NNP	조선
1337	조선말	朝鮮語	Noun	NNG	조선말
1338	조선어	朝鮮語	Noun	NNP	조선어
1339	조심하다	注意する	Noun	NNG	조심
1340	조용하다	静かだ	XR	XR	조용
1341	조용히	静かに	Adverb	MAG	조용히
1342	조카	甥（おい）	Noun	NNG	조카
1343	졸업	卒業	Noun	NNG	졸업
1344	졸업하다	卒業する	Noun	NNG	졸업
1345	좀	ちょっと、すこし	Adverb	MAG	좀
1346	좀더	もう少し、もうちょっと	Adverb	MAG	좀
1347	좁다	狭い	VA-R	VA-R	좁다
1348	종로	鍾路	Noun	NNP	종로
1349	종류	種類	Noun	NNG	종류
1350	종업원	従業員	Noun	NNG	종업원
1351	종이	紙	Noun	NNG	종이
1352	종일	終日、一日中	Noun	NNG	종일
1353	좋다	良い、好きだ	Adjective	VA	좋다
1354	좋아하다	好む、好きだ	Verb	VV	좋아하다
1355	죄송하다	申し訳ない	Adjective	VA	죄송하다
1356	주	週	Noun	NNG	주
1357	주다	あげる、くれる	Verb	VV	주다
1358	주로	主に	Adverb	MAG	주로
1359	주말	週末	Noun	NNG	주말
1360	주머니	ポケット、小袋	Noun	NNG	주머니
1361	주무시다	お休みになる	Verb	VV	주무시다
1362	주문하다	注文する	Noun	NNG	주문
1363	주변	周辺、周り	Noun	NNG	주변
1364	주부	主婦	Noun	NNG	주부
1365	주사	注射	Noun	NNG	주사
1366	주소	住所	Noun	NNG	주소
1367	주스	ジュース	Noun	NNG	주스
1368	주위	周囲、周り	Noun	NNG	주위
1369	주인	主人、持ち主、マスター	Noun	NNG	주인
1370	주차장	駐車場	Noun	NNG	주차장
1371	주차하다	駐車する	Noun	NNG	주차
1372	주황색	オレンジ色	Noun	NNG	주황색
1373	죽	おかゆ	Noun	NNG	죽
1374	죽다	死ぬ	Verb	VV	죽다
1375	준비	用意、準備	Noun	NNG	준비
1376	준비하다	準備する	Noun	NNG	준비
1377	줄	列、線、ひも	Noun	NNG	줄
1378	줄다	減る	Verb	VV	줄다
1379	중	中	Noun	NNB	중
1380	중국	中国	Noun	NNP	중국
1381	중국어	中国語	Noun	NNP	중국어
1382	중국집	中華料理店	Noun	NNG	중국집
1383	중식	中国料理	Noun	NNG	중식
1384	중심	中心	Noun	NNG	중심
1385	중요	重要	Noun	NNG	중요
1386	중요하다	重要だ	Noun	NNG	중요
1387	중학교	中学校	Noun	NNG	중학교
1388	중학생	中学生	Noun	NNG	중학
1389	즐거워하다	楽しがる	Verb	VV	즐거워하다
1390	즐겁다	楽しい	VA-I	VA-I	즐겁다
1391	즐기다	楽しむ	Verb	VV	즐기다
1392	증세	病状	Noun	NNG	증세
1393	지각	遅刻	Noun	NNG	지각
1394	지갑	財布	Noun	NNG	지갑
1395	지금	今	Adverb	MAG	지금
1396	지나다	過ぎる、経つ	Verb	VV	지나다
1397	지난달	先月	Noun	NNG	지난달
1398	지난번	前回	Noun	NNG	지난번
1399	지난주	先週	Verb	VV	지나다
1400	지내다	過ごす、暮らす	Verb	VV	지내다
1401	지다	負ける	Noun	NNG	지
1402	지도	地図	Pronoun	NP	지
1403	지방	地方	Noun	NNG	지방
1404	지우개	消しゴム、黒板消し	Noun	NNG	지우개
1405	지키다	守る	Verb	VV	지키다
1406	지하	地下	Noun	NNG	지하
1407	지하도	地下道	Noun	NNG	지하도
1408	지하철	地下鉄	Noun	NNG	지하철
1409	지하철역	地下鉄の駅	Noun	NNG	지하철역
1410	직업	職業	Noun	NNG	직업
1411	직원	職員	Noun	NNG	직원
1412	직장	職場	Noun	NNG	직장
1413	직접	直接	Adverb	MAG	직접
1414	진달래	ツツジ	Noun	NNG	진달래
1415	질	質	Noun	NNG	질
1416	질문	質問	Noun	NNG	질문
1417	질문하다	質問する	Noun	NNG	질문
1418	짐	荷物	Adverb	MAG	짐
1419	집	家、店	Noun	NNG	집
1420	짓다	作る	VV-I	VV-I	짓다
1421	짜다	組み立てる、（計画を）立てる	Adjective	VA	짜다
1422	짜리	価値があるもの（○ウォン硬貨/紙幣/切手など）	Noun	NNB	짜리
1423	짧다	短い	Adjective	VA	짧다
1424	쪽	ページ	Noun	NNB	쪽
1425	쯤	～ごろ	Noun	NNB	쯤
1426	찌개	チゲ	Noun	NNG	찌개
1427	찍다	突き刺す、（写真を）撮る、（印鑑を）押す、（物の端に液体を）つける	Verb	VV	찍다
1428	차	車、茶	Noun	NNG	차
1429	차갑다	冷たい	VA-I	VA-I	차갑다
1430	차다	蹴る	Noun	NNG	차
1431	차리다	（食事の席を）準備する、整える、（気持ち、精神を）しっかりさせる	Verb	VV	차리다
1432	착하다	（人柄が）良い、善良だ、やさしい	Adjective	VA	착하다
1433	참	本当に、非常に	Adverb	MAG	참
1434	창문	窓	Noun	NNG	창문
1435	찾다	探す、（銀行などでお金を）おろす、（人を）訪ねる	Verb	VV	찾다
1436	찾아가다	（人に会いに、用事を済ませに）行く、（落し物などを）引き取って持って行く	Verb	VV	찾아가다
1437	찾아오다	（人に会いに、用事を済ませに）来る、（落し物などを）引き取って持って来る	Verb	VV	찾아오다
1438	채소	野菜	Noun	NNG	채소
1439	책	本	Noun	NNG	책
1440	책방	本屋	Noun	NNG	책방
1441	책상	机	Noun	NNG	책상
1442	책임	責任	Noun	NNG	책임
1443	책장	本棚	Noun	NNG	책장
1444	처음	最初、初めて	Noun	NNG	처음
1445	처음 뵙겠습니다	はじめまして	Noun	NNG	처음
1446	천	1000	Numeral	NR	천
1447	천천히	ゆっくり	Adverb	MAG	천천히
1448	철	季節、旬	Noun	NNG	철
1449	첫	初～、初めての～	Determiner	MM	첫
1450	첫째	最初の～、第１の～、１番目の～	Numeral	NR	첫째
1451	청바지	（青い）ジーパン	Noun	NNG	청바지
1452	청소기	掃除機	Noun	NNG	청소기
1453	청소하다	掃除する	Noun	NNG	청소
1454	초	秒	Noun	NNB	초
1455	초대하다	招待する	Noun	NNG	초대
1456	초등학교	初等学校（＝小学校）	Noun	NNG	초등학교
1457	초등학생	小学生	Noun	NNG	초등학생
1458	초록색	緑色	Noun	NNG	초록색
1459	초콜릿	チョコレート	Noun	NNG	초콜릿
1460	촬영하다	撮影する	Noun	NNG	촬영
1461	최고	最高	Noun	NNG	최고
1462	추다	踊る	Verb	VV	추다
1463	추석	チュソク（秋夕）、旧暦のお盆	Noun	NNG	추석
1464	추억	思い出	Noun	NNG	추억
1465	축구	サッカー	Noun	NNG	축구
1466	축제	祝祭、お祭り	Noun	NNG	축제
1467	축하	祝賀	Noun	NNG	축하
1468	축하하다	祝う	Noun	NNG	축하
1469	축하합니다	おめでとうございます	Noun	NNG	축하
1470	출구	出口	Noun	NNG	출구
1471	출근하다	出勤する	Noun	NNG	출근
1472	출발	出発	Noun	NNG	출발
1473	출발하다	出発する	Noun	NNG	출발
1474	출장	出張	Noun	NNG	출장
1475	춤	踊り、ダンス	Noun	NNG	춤
1476	춤추다	踊りを踊る	Verb	VV	춤추다
1477	춥다	寒い	VA-I	VA-I	춥다
1478	취미	趣味	Noun	NNG	취미
1479	취소하다	取り消す	Noun	NNG	취소
1480	취직하다	就職する	Noun	NNG	취직
1481	층	～階	Noun	NNG	층
1482	치과	歯科	Noun	NNG	치과
1483	치료하다	治療する	Noun	NNG	치료
1484	치마	スカート、（韓服の）チマ	Verb	VV	하다
1485	치약	歯磨き粉	Noun	NNG	치약
1486	친구	友達	Noun	NNG	친구
1487	친절하다	親切だ	Noun	NNG	친절
1488	친척	親戚	Noun	NNG	친척
1489	친하다	親しい	Adjective	VA	친하다
1490	칠	7	Numeral	NR	칠
1491	칠십	70	Numeral	NR	칠
1492	칠월	７月	Noun	NNG	칠월
1493	칠판	黒板	Noun	NNG	칠판
1494	침대	ベッド、寝台	Noun	NNG	침대
1495	칫솔	歯ブラシ	Noun	NNG	칫솔
1496	카드	カード	Noun	NNG	카드
1497	카레	カレー	Noun	NNG	카레
1498	카메라	カメラ	Noun	NNG	카메라
1499	카페	カフェ、喫茶店	Noun	NNG	카페
1500	칼	刃物、刀、包丁、カッター	Noun	NNG	칼
1501	캐나다	カナダ	Noun	NNP	캐나다
1502	커피	コーヒー	Noun	NNG	커피
1503	커피숍	コーヒーショップ、喫茶店	Noun	NNG	커피숍
1504	컴퓨터	コンピューター、パソコン	Noun	NNG	컴퓨터
1505	컵	カップ	Noun	NNG	컵
1506	케이크	ケーキ	Noun	NNG	케이크
1507	켜다	つける、（電源を）入れる	Verb	VV	켜다
1508	코	鼻	Noun	NNG	코
1509	코트	コート	Noun	NNG	코트
1510	코피	鼻血	Noun	NNG	코피
1511	콜라	コーラ	Noun	NNG	콜라
1512	콧노래	鼻歌	Noun	NNG	콧노래
1513	콧물	鼻水	Noun	NNG	콧물
1514	콩	豆、大豆	Noun	NNG	콩
1515	크기	大きさ、サイズ	Noun	NNG	크기
1516	크다	大きい	Adjective	VA	크다
1517	크리스마스	クリスマス	Noun	NNG	크리스마스
1518	큰아버지	父の（一番上の）兄、伯父	Noun	NNG	큰아버지
1519	큰어머니	父の（一番上の）兄の妻、伯母	Noun	NNG	큰어머니
1520	키	背、身長	Noun	NNG	키
1521	킬로그램	キログラム	Noun	NNB	킬로그램
1522	킬로미터	キロメートル	Noun	NNB	킬로미터
1523	타다	乗る	Verb	VV	타다
1524	타월	タオル	Noun	NNG	타월
1525	탁구	卓球、ピンポン	Noun	NNG	탁구
1526	태국	タイ	Noun	NNP	태국
1527	태권도	テコンドー	Noun	NNG	태권도
1528	태어나다	うまれる	Verb	VV	태어나다
1529	태풍	台風	Noun	NNG	태풍
1530	택시	タクシー	Noun	NNG	택시
1531	탤런트	タレント、芸能人	Noun	NNG	탤런트
1532	터미널	ターミナル	Noun	NNG	터미널
1533	테니스	テニス	Noun	NNG	테니스
1534	테이블	テーブル	Noun	NNG	테이블
1535	텔레비전	テレビ	Noun	NNG	텔레비전
1536	토마토	トマト	Noun	NNG	토마토
1537	토요일	土曜日	Noun	NNG	토요일
1538	통	～通（手紙など）	Noun	NNG	통
1539	통장	（預金）通帳	Noun	NNG	통장
1540	통하다	通じる	Verb	VV	통하다
1541	퇴근하다	退社する、帰宅する	Noun	NNG	퇴근
1542	특별히	特別に	Adverb	MAG	특별히
1543	특징	特徴	Noun	NNG	특징
1544	특히	特に	Adverb	MAG	특히
1545	틀다	（スイッチを）入れる、つける	Verb	VV	틀다
1546	틀리다	間違う	Adjective	VA	틀리다
1547	티셔츠	Ｔシャツ	Noun	NNG	티셔츠
1548	팀	チーム	Noun	NNG	팀
1549	파	ねぎ	Noun	NNG	파
1550	파란색	青色、青	Noun	NNG	파란색
1551	파랗다	青い	VA-I	VA-I	파랗다
1552	파티	パーティ	Noun	NNG	파티
1553	팔	腕、８	Numeral	NR	팔
1554	팔다	売る	Verb	VV	팔다
1555	팔리다	売れる	Verb	VV	팔리다
1556	팔십	80	Numeral	NR	팔
1557	팔월	８月	Noun	NNG	팔월
1558	패션	ファッション	Noun	NNG	패션
1559	퍼센트	パーセント	Noun	NNB	퍼센트
1560	페이지	ページ	Noun	NNG	페이지
1561	펜	ペン	Noun	NNG	펜
1562	펴다	広げる、伸ばす	Verb	VV	펴다
1563	편	～編（映画など）	Noun	NNB	편
1564	편지	手紙	Noun	NNG	편지
1565	편하다	楽だ、気楽だ、便利だ	Adjective	VA	편하다
1566	평양	ピョンヤン	Noun	NNP	평양
1567	평일	平日	Noun	NNG	평일
1568	포도	ぶどう	Noun	NNG	포도
1569	포장	包装、荷造り	Noun	NNG	포장
1570	표	券・切符類の総称、チケット	Noun	NNG	표
1571	표현	表現	Noun	NNG	표현
1572	푹	ぐっすり	Adverb	MAG	푹
1573	풀	草	Noun	NNG	풀
1574	풀다	解く	Verb	VV	풀다
1575	프랑스	フランス	Noun	NNP	프랑스
1576	프로그램	プログラム	Noun	NNG	프로그램
1577	프린트	プリント	Noun	NNG	프린트
1578	피	血	Noun	NNG	피
1579	피곤하다	疲れる	Noun	NNG	피곤
1580	피다	咲く	Noun	NNG	피
1581	피아노	ピアノ	Noun	NNG	피아노
1582	피우다	咲かせる	Verb	VV	피우다
1583	피자	ピザ	Noun	NNG	피자
1584	필름	フィルム	Noun	NNG	필름
1585	필요	必要	Noun	NNG	필요
1586	필요하다	必要だ	Noun	NNG	필요
1587	필통	筆箱、筆入れ	Noun	NNG	필통
1588	하나	1	Numeral	NR	하나
1589	하늘	空	Noun	NNG	하늘
1590	하늘색	空色、水色	Noun	NNG	하늘색
1591	하다	する、言う	Verb	VV	하다
1592	하루	１日	Noun	NNG	하루
1593	하숙	下宿	Noun	NNG	하숙
1594	하숙집	下宿屋、下宿先	Noun	NNG	하숙집
1595	하얀색	白色、白	Noun	NNG	하얀색
1596	하얗다	白い	VA-I	VA-I	하얗다
1597	하지만	しかし、けれど	Adverb	MAJ	하지만
1598	학	つる	Noun	NNG	학
1599	학교	学校	Noun	NNG	학교
1600	학기	学期	Noun	NNG	학기
1601	학년	学年	Noun	NNG	학년
1602	학생	学生	Noun	NNG	학생
1603	학생증	学生証	Noun	NNG	학생증
1604	학원	塾	Noun	NNG	학원
1605	한	１つの～	Determiner	MM	한
1606	한강	ハンガン（漢江）	Noun	NNP	한강
1607	한국	韓国	Noun	NNP	한국
1608	한국드라마	韓国ドラマ	Noun	NNP	한국
1609	한국말	韓国語	Noun	NNG	한국말
1610	한국사람	韓国人	Noun	NNP	한국
1611	한국어	韓国語	Noun	NNP	한국어
1612	한국요리	韓国料理	Noun	NNP	한국
1613	한글	ハングル	Noun	NNG	한글
1614	한번	一回、一度	Determiner	MM	한
1615	한복	韓服	Noun	NNG	한복
1616	한식	韓国料理	Noun	NNG	한식
1617	한자	漢字	Noun	NNG	한자
1618	할머니	祖母、おばあさん	Noun	NNG	할머니
1619	할아버지	祖父、おじいさん	Noun	NNG	할아버지
1620	할인	割引	Noun	NNG	할인
1621	함께	一緒に、共に	Adverb	MAG	함께
1622	합격	合格	Noun	NNG	합격
1623	항상	いつも、常に	Adverb	MAG	항상
1624	해	陽、太陽	Verb	VV	하다
1625	해외	海外	Noun	NNG	해외
1626	해외여행	海外旅行	Noun	NNG	해외
1627	핸드폰	携帯電話	Noun	NNG	핸드폰
1628	햄버거	ハンバーガー	Noun	NNG	햄버거
1629	햇빛	日光、日差し	Noun	NNG	햇빛
1630	행복	幸福、幸せ	Noun	NNG	행복
1631	행복하다	幸せだ、幸福だ	Noun	NNG	행복
1632	행사	行事	Noun	NNG	행사
1633	허리	腰	Noun	NNG	허리
1634	현금	現金	Noun	NNG	현금
1635	현재	現在	Adverb	MAG	현재
1636	형	（弟から見て）兄	Noun	NNG	형
1637	형님	お兄様、兄貴	Noun	NNG	형
1638	형제	兄弟	Noun	NNG	형제
1639	호	～号	Interjection	IC	호
1640	호랑이	虎	Noun	NNG	호랑이
1641	호주	オーストラリア、豪州	Noun	NNP	호주
1642	호텔	ホテル	Noun	NNG	호텔
1643	혼자	独り	Adverb	MAG	혼자
1644	홈페이지	ホームページ	Noun	NNG	홈페이지
1645	홍차	紅茶	Noun	NNG	홍차
1646	화	怒り	Noun	NNG	화
1647	화가	画家	Noun	NNG	화가
1648	화나다	怒る、腹が立つ	Verb	VV	화나다
1649	화내다	怒る、腹を立てる	Verb	VV	화내다
1650	화요일	火曜日	Noun	NNG	화요일
1651	화장실	トイレ、化粧室	Noun	NNG	화장실
1652	화장품	化粧品	Noun	NNG	화장품
1653	화장하다	化粧する	Noun	NNG	화장
1654	확인하다	確認する	Noun	NNG	확인
1655	환영하다	歓迎する	Noun	NNG	환영
1656	환자	患者	Noun	NNG	환자
1657	회사	会社	Noun	NNG	회사
1658	회사원	会社員	Noun	NNG	회사원
1659	회색	灰色	Noun	NNG	회색
1660	회의	会議	Noun	NNG	회의
1661	횡단보도	横断歩道	Noun	NNG	횡단보도
1662	후	～後	Noun	NNG	후
1663	후배	後輩	Noun	NNG	후배
1664	휴가	休暇	Noun	NNG	휴가
1665	휴대전화	携帯電話	Noun	NNG	휴대
1666	휴일	休日	Noun	NNG	휴일
1667	휴지	ちり紙、トイレットペーパー	Noun	NNG	휴지
1668	휴지통	ゴミ箱	Noun	NNG	휴지통
1669	흐리다	曇る	Adjective	VA	흐리다
1670	흰색	白色、白	Noun	NNG	흰색
1671	힘	力	Noun	NNG	힘
